"GM_CODE,C,20";"GM_NAAM,C,60";"AANT_INW,N,10,0";"AANT_MAN,N,10,0";"AANT_VROUW,N,10,0";"P_00_14_JR,N,10,0";"P_15_24_JR,N,10,0";"P_25_44_JR,N,10,0";"P_45_64_JR,N,10,0";"P_65_EO_JR,N,10,0";"BEV_DICHTH,N,10,0";"AANTAL_HH,N,10,0";"P_EENP_HH,N,10,0";"P_HH_Z_K,N,10,0";"P_HH_M_K,N,10,0";"GEM_HH_GR,N,10,1";"P_WEST_AL,N,10,0";"P_N_W_AL,N,10,0";"P_MAROKKO,N,10,0";"P_ANT_ARU,N,10,0";"P_SURINAM,N,10,0";"P_TURKIJE,N,10,0";"P_OVER_NW,N,10,0";"OPP_TOT,N,10,0";"OPP_LAND,N,10,0";"OPP_WATER,N,10,0"
"GM0003";"Appingedam";12030;5790;6240;16;10;24;30;20;505;5445;33;35;32;2,2;8;5;0;0;1;2;1;2462;2380;82
"GM0005";"Bedum";10445;5245;5205;18;12;23;32;15;234;4255;28;34;38;2,4;4;2;0;0;0;0;1;4496;4458;38
"GM0007";"Bellingwedde";9260;4640;4620;15;10;21;34;21;85;4115;29;39;32;2,2;8;3;0;0;0;0;2;11007;10833;174
"GM0009";"Ten Boer";7425;3725;3700;21;11;25;30;13;164;2915;25;34;41;2,5;4;2;0;0;0;0;1;4571;4527;44
"GM0010";"Delfzijl";26635;13335;13300;16;11;23;30;20;200;11910;33;34;33;2,2;8;8;0;2;1;2;3;22748;13315;9434
"GM0014";"Groningen";187300;92675;94625;13;23;31;22;11;2393;109975;59;22;19;1,7;10;10;1;2;2;1;5;8372;7828;543
"GM0015";"Grootegast";12140;6210;5930;21;11;26;27;14;140;4635;24;32;44;2,6;2;1;0;0;0;0;1;8777;8682;95
"GM0017";"Haren";18515;8720;9795;17;9;18;30;25;406;8175;34;35;32;2,2;8;3;0;0;0;0;2;5070;4564;505
"GM0018";"Hoogezand-Sappemeer";34755;17160;17595;17;11;26;29;18;522;15410;33;33;34;2,2;7;11;1;1;4;3;2;7305;6662;643
"GM0022";"Leek";19365;9570;9795;19;11;25;29;16;306;7950;27;34;39;2,4;5;3;0;0;1;0;1;6427;6332;95
"GM0024";"Loppersum";10450;5315;5140;18;11;23;32;16;94;4380;29;34;37;2,3;4;2;0;0;0;0;1;11199;11103;96
"GM0025";"Marum";10450;5390;5060;20;12;26;29;14;162;4125;24;33;43;2,5;4;2;0;0;0;0;1;6488;6450;38
"GM0034";"Almere";188160;93510;94650;21;14;31;27;8;1449;76730;29;25;46;2,4;10;27;4;2;11;2;9;24877;12981;11895
"GM0037";"Stadskanaal";33415;16510;16910;17;11;24;29;20;284;14645;32;34;34;2,2;5;3;0;0;0;0;3;11996;11768;227
"GM0040";"Slochteren";15555;7950;7605;19;10;26;31;14;103;6350;25;35;40;2,4;4;2;0;0;0;0;1;15884;15110;774
"GM0047";"Veendam";28025;13910;14115;17;11;26;30;18;368;12320;30;35;35;2,2;5;6;0;0;1;3;2;7871;7610;261
"GM0048";"Vlagtwedde";16260;8060;8200;16;10;22;31;20;97;7110;30;36;34;2,3;6;2;0;0;0;0;2;17051;16761;291
"GM0050";"Zeewolde";20905;10620;10285;24;12;28;26;9;84;7855;23;29;48;2,6;7;4;0;0;1;0;3;26897;24863;2033
"GM0051";"Skarsterl‘n";27290;13685;13605;19;11;24;29;16;147;11185;28;34;38;2,4;4;2;0;0;0;0;1;21689;18527;3162
"GM0053";"Winsum";14075;7030;7045;20;11;23;32;15;139;5835;29;33;38;2,4;4;2;0;0;0;0;1;10253;10110;144
"GM0055";"Boarnsterhim";19355;9765;9590;20;10;26;29;15;128;8210;30;33;37;2,3;4;2;0;0;0;0;1;16859;15166;1693
"GM0056";"Zuidhorn";18570;9240;9330;21;11;25;28;15;148;7300;26;33;41;2,5;4;2;0;0;0;0;1;12837;12556;280
"GM0058";"Dongeradeel";24410;12235;12175;19;12;25;27;17;146;10130;30;33;37;2,4;3;2;0;0;0;0;2;26694;16729;9966
"GM0059";"Achtkarspelen";28090;14265;13825;19;12;26;27;15;274;11355;27;32;41;2,4;2;1;0;0;0;0;1;10399;10255;145
"GM0060";"Ameland";3500;1760;1740;19;9;25;30;17;60;1520;34;32;34;2,3;4;1;0;0;0;0;1;26850;5883;20967
"GM0063";"het Bildt";10910;5595;5315;19;11;25;29;16;118;4650;33;31;37;2,3;4;4;0;0;0;0;4;11651;9238;2412
"GM0064";"Bolsward";9905;4855;5050;19;11;25;27;19;1094;4330;34;32;33;2,2;5;4;0;0;0;1;2;942;906;36
"GM0070";"Franekeradeel";20595;10395;10200;19;11;25;29;16;201;8795;32;33;35;2,3;5;3;0;0;0;0;2;10916;10272;643
"GM0072";"Harlingen";15810;7905;7905;17;11;24;30;18;631;6980;34;33;33;2,2;8;4;1;0;0;0;2;38767;2504;36263
"GM0074";"Heerenveen";43420;21325;22090;17;11;25;28;18;321;19480;35;33;33;2,2;6;6;1;0;1;1;3;14015;13507;508
"GM0079";"Kollumerland en Nieuwkruisland";13005;6660;6345;19;12;26;28;15;118;5230;28;32;40;2,4;2;1;0;0;0;0;1;11633;10981;652
"GM0080";"Leeuwarden";94075;45915;48155;15;16;28;25;15;1189;48415;47;27;26;1,9;8;9;1;1;1;0;5;8410;7910;501
"GM0081";"Leeuwarderadeel";10435;5275;5160;18;12;22;32;15;256;4145;24;37;39;2,5;4;3;0;0;0;0;2;4138;4079;59
"GM0082";"Lemsterland";13625;6930;6695;19;10;26;29;15;179;5695;28;34;38;2,4;6;4;0;0;1;1;2;12438;7614;4823
"GM0083";"Menaldumadeel";13750;6970;6775;19;11;24;31;15;200;5680;27;35;38;2,4;4;1;0;0;0;0;1;7003;6888;115
"GM0085";"Ooststellingwerf";26235;13155;13080;17;11;24;30;18;117;11180;30;34;35;2,3;4;3;0;0;0;0;3;22608;22411;197
"GM0086";"Opsterland";30040;14995;15045;19;11;24;29;16;134;12150;27;34;39;2,4;3;2;0;0;0;0;1;22768;22471;297
"GM0088";"Schiermonnikoog";940;465;480;16;8;23;31;22;21;470;44;32;24;2;6;2;0;0;0;0;2;19907;4399;15507
"GM0090";"Smallingerland";55270;27410;27860;18;12;26;27;17;467;23955;33;32;35;2,3;5;5;0;1;1;0;3;12615;11828;786
"GM0091";"Sneek";33430;16455;16980;19;11;26;27;17;1111;14775;35;31;34;2,2;7;4;0;0;1;0;2;3404;3009;395
"GM0093";"Terschelling";4735;2480;2250;16;13;24;29;18;55;2100;37;35;28;2,2;5;1;0;1;0;0;1;67400;8608;58792
"GM0096";"Vlieland";1160;585;575;19;10;27;28;16;32;550;41;29;30;2,1;9;1;0;0;0;0;1;31579;3614;27965
"GM0098";"Weststellingwerf";25830;12955;12875;17;11;24;30;19;117;10935;29;35;36;2,3;4;3;1;1;0;0;1;22836;22131;704
"GM0104";"Nijefurd";10945;5435;5510;18;10;23;29;20;113;4680;32;35;33;2,3;4;1;0;0;0;0;1;28917;9650;19267
"GM0106";"Assen";66855;32605;34250;19;11;27;27;15;816;29230;35;30;35;2,2;8;6;0;0;1;1;4;8348;8198;149
"GM0109";"Coevorden";36120;17995;18125;18;10;24;30;19;122;15415;29;35;36;2,3;5;3;0;0;0;0;2;29968;29630;338
"GM0114";"Emmen";109490;54130;55365;17;11;25;29;17;325;47745;31;33;36;2,3;7;4;0;0;0;1;2;34629;33658;971
"GM0118";"Hoogeveen";54805;27170;27635;18;12;26;27;17;429;23110;31;32;37;2,3;5;3;0;0;0;1;2;12922;12765;157
"GM0119";"Meppel";32380;15790;16590;19;11;28;27;15;582;14145;33;32;35;2,2;5;5;2;0;1;0;2;5698;5566;132
"GM0140";"Littenseradiel";10925;5555;5370;21;11;24;30;14;84;4315;26;34;40;2,5;4;1;0;0;0;0;1;13257;13071;187
"GM0141";"Almelo";72600;36060;36545;19;12;27;27;15;1077;31580;34;30;36;2,3;10;14;1;0;0;8;4;6940;6739;200
"GM0147";"Borne";21330;10680;10650;19;11;24;29;17;821;8895;28;34;38;2,4;7;5;0;0;0;1;3;2615;2599;16
"GM0148";"Dalfsen";27260;13850;13405;20;12;24;29;16;165;10470;24;34;42;2,6;3;1;0;0;0;0;1;16650;16511;139
"GM0150";"Deventer";98525;48600;49925;18;12;30;26;14;751;44750;38;29;33;2,2;9;12;0;1;1;7;4;13432;13125;307
"GM0153";"Enschede";157050;79840;77215;16;15;29;25;15;1114;76570;44;27;29;2;13;15;1;1;1;6;6;14275;14103;173
"GM0158";"Haaksbergen";24485;12295;12190;18;11;24;29;18;234;9815;26;34;40;2,5;7;5;0;0;0;3;1;10548;10486;62
"GM0160";"Hardenberg";59015;29850;29160;20;12;26;27;15;189;22480;25;32;43;2,6;4;2;0;0;0;0;1;31724;31285;440
"GM0163";"Hellendoorn";35790;17900;17890;19;12;24;29;17;259;13945;25;33;42;2,5;4;2;0;0;0;0;1;13903;13809;94
"GM0164";"Hengelo";80770;40105;40665;18;11;27;27;16;1328;36135;36;30;34;2,2;10;11;0;1;1;6;4;6178;6084;93
"GM0166";"Kampen";50050;24835;25215;21;13;27;25;14;351;19895;29;31;40;2,5;4;4;0;0;0;2;2;16184;14254;1931
"GM0168";"Losser";22645;11355;11290;17;11;23;31;17;229;9070;25;36;40;2,4;12;2;0;0;0;1;1;9964;9887;77
"GM0171";"Noordoostpolder";46090;23360;22730;21;12;26;27;14;100;18800;30;31;39;2,4;5;6;1;1;0;1;3;59541;46032;13509
"GM0173";"Oldenzaal";31975;15930;16045;18;11;25;29;17;1481;13470;30;33;37;2,3;8;7;0;0;0;4;2;2198;2159;40
"GM0175";"Ommen";17405;8720;8685;18;12;24;30;17;97;6955;28;34;38;2,5;4;2;0;0;0;0;2;18198;17998;200
"GM0177";"Raalte";36795;18435;18360;18;12;23;31;16;215;14550;26;33;41;2,5;3;2;0;0;0;1;1;17231;17119;111
"GM0180";"Staphorst";16155;8295;7860;25;15;25;23;12;120;5225;20;27;53;3,1;1;1;0;0;0;0;1;13570;13424;147
"GM0183";"Tubbergen";21145;10710;10435;21;13;24;27;15;144;7605;22;29;49;2,8;4;1;0;0;0;0;1;14740;14700;40
"GM0184";"Urk";18310;9245;9065;31;18;26;18;7;1587;5300;19;20;61;3,4;1;1;1;0;0;0;1;10990;1153;9837
"GM0189";"Wierden";23445;11755;11690;19;12;24;28;16;247;8785;22;33;45;2,7;5;2;0;0;0;1;1;9533;9475;59
"GM0193";"Zwolle";119030;57935;61095;19;13;31;24;13;1069;54390;40;28;32;2,1;7;9;1;1;1;2;4;11928;11137;791
"GM0196";"Rijnwaarden";11080;5530;5550;18;10;26;32;15;278;4560;26;35;40;2,4;10;2;0;0;0;0;1;4814;3985;828
"GM0197";"Aalten";27500;13765;13735;18;11;25;29;17;285;11235;29;33;38;2,4;9;3;0;0;0;1;2;9709;9657;52
"GM0200";"Apeldoorn";155725;76755;78970;17;11;25;29;17;458;67265;33;32;35;2,3;8;7;1;1;1;3;3;34113;33987;126
"GM0202";"Arnhem";147020;72965;74050;17;13;33;25;13;1501;73715;47;25;28;2;11;18;2;2;2;5;7;10153;9794;359
"GM0203";"Barneveld";52490;26100;26390;23;15;25;24;14;298;18935;25;30;45;2,7;4;3;0;0;0;1;1;17674;17602;73
"GM0209";"Beuningen";25480;12755;12725;18;12;25;32;13;583;10250;25;32;43;2,5;8;4;0;0;1;0;2;4717;4374;343
"GM0213";"Brummen";21140;10440;10700;17;11;22;30;19;252;8780;26;37;37;2,4;6;5;0;0;0;3;1;8510;8403;107
"GM0214";"Buren";25885;12950;12935;19;11;25;31;14;193;10080;22;36;42;2,6;5;2;0;0;0;0;1;14293;13434;860
"GM0216";"Culemborg";27500;13635;13865;20;12;27;28;13;935;11405;31;29;41;2,4;8;13;7;1;1;1;2;3118;2942;175
"GM0221";"Doesburg";11600;5675;5925;18;10;25;30;17;1001;5070;31;32;37;2,3;10;10;0;0;1;7;2;1290;1159;130
"GM0222";"Doetinchem";56110;27745;28365;18;11;26;29;16;710;24215;32;32;36;2,3;7;6;0;0;0;3;2;7967;7907;60
"GM0225";"Druten";18085;9000;9085;19;11;27;30;13;479;7000;24;33;44;2,5;6;6;0;0;0;3;2;4243;3777;467
"GM0226";"Duiven";25595;12550;13045;20;12;25;30;13;755;10180;24;31;45;2,5;8;4;0;0;1;1;2;3515;3389;127
"GM0228";"Ede";107755;52850;54905;20;14;25;26;15;339;43675;32;30;38;2,4;7;7;2;0;1;2;2;31868;31829;39
"GM0230";"Elburg";22175;10930;11245;21;12;26;26;15;347;8395;24;32;43;2,6;3;2;0;0;0;0;1;6595;6386;209
"GM0232";"Epe";32880;16210;16670;17;11;22;30;20;211;13700;29;34;37;2,4;6;5;0;0;0;3;1;15725;15619;106
"GM0233";"Ermelo";26265;12920;13345;17;13;22;29;19;307;10735;33;32;35;2,4;6;4;0;0;0;1;2;8738;8568;171
"GM0236";"Geldermalsen";26260;13015;13245;20;11;25;29;14;263;10150;24;33;43;2,6;5;3;1;0;0;0;2;10167;9994;173
"GM0241";"Groesbeek";18925;9235;9690;16;11;22;31;20;429;7780;30;33;37;2,3;10;2;0;0;0;0;1;4412;4412;-99999998
"GM0243";"Harderwijk";44010;21670;22340;19;12;28;26;14;1140;18325;31;31;39;2,4;6;10;2;0;0;5;2;4827;3859;968
"GM0244";"Hattem";11790;5755;6035;19;11;23;28;18;510;4780;27;35;38;2,4;4;3;0;0;0;0;2;2420;2312;108
"GM0246";"Heerde";18315;9040;9275;18;11;24;29;18;233;7305;25;36;39;2,5;3;2;0;0;0;0;1;8039;7869;170
"GM0252";"Heumen";16630;8240;8395;19;11;22;32;17;417;6735;26;34;40;2,4;9;3;0;0;0;0;2;4158;3990;168
"GM0262";"Lochem";33395;16405;16990;17;10;21;31;22;157;13810;27;38;35;2,4;6;4;1;0;0;1;1;21602;21326;275
"GM0263";"Maasdriel";23755;11970;11785;19;11;26;30;14;360;9320;24;33;43;2,5;6;2;1;0;0;0;1;7549;6602;947
"GM0265";"Millingen aan de Rijn";5915;2955;2960;18;11;24;32;15;682;2445;26;34;40;2,4;13;2;0;0;0;0;1;1032;867;164
"GM0267";"Nijkerk";39540;19680;19860;20;12;27;27;14;569;15480;26;32;42;2,5;5;5;2;0;0;1;2;7205;6944;260
"GM0268";"Nijmegen";162965;78095;84865;15;17;30;25;13;3043;87160;53;23;24;1,8;12;12;2;1;1;3;5;5753;5356;397
"GM0269";"Oldebroek";22750;11545;11205;19;14;24;28;14;233;8335;23;31;46;2,7;2;2;0;0;0;0;2;9885;9773;112
"GM0273";"Putten";23590;11680;11915;20;13;25;27;16;277;8945;25;32;43;2,6;4;2;0;0;0;0;1;8745;8506;239
"GM0274";"Renkum";31655;15275;16385;16;9;21;31;23;688;14115;35;34;30;2,2;9;5;0;0;0;1;2;4712;4599;114
"GM0275";"Rheden";43725;21230;22490;16;10;22;29;23;535;20135;37;33;30;2,1;9;5;0;0;0;2;2;8439;8173;266
"GM0277";"Rozendaal";1495;750;745;18;9;16;32;25;54;625;22;44;34;2,4;11;4;0;1;1;0;3;2795;2792;2
"GM0279";"Scherpenzeel";9315;4625;4690;21;13;26;25;15;675;3585;27;32;41;2,6;4;2;0;0;0;0;1;1384;1381;3
"GM0281";"Tiel";41190;20470;20720;19;12;28;27;13;1276;17210;31;29;40;2,4;8;14;5;0;1;6;3;3484;3229;255
"GM0282";"Ubbergen";9335;4580;4750;17;9;22;32;20;276;4185;34;34;31;2,2;11;2;0;0;0;0;1;3880;3379;502
"GM0285";"Voorst";23770;11860;11910;16;12;21;32;18;193;9360;25;36;38;2,4;5;2;0;0;0;1;1;12652;12310;342
"GM0289";"Wageningen";37360;18190;19170;14;18;32;23;13;1227;21220;61;19;20;1,7;13;14;1;0;1;0;12;3235;3045;190
"GM0293";"Westervoort";15235;7565;7675;17;14;23;34;12;2148;6300;26;31;43;2,4;9;7;1;0;1;1;3;784;709;75
"GM0294";"Winterswijk";29050;14440;14610;18;11;24;29;18;210;12345;31;33;36;2,3;9;5;1;0;0;2;3;13880;13815;65
"GM0296";"Wijchen";40150;19845;20305;19;11;26;30;14;603;16340;27;31;42;2,4;7;4;1;0;1;1;2;6958;6661;297
"GM0297";"Zaltbommel";26430;13165;13260;22;12;26;27;14;331;10000;25;31;44;2,6;5;5;3;0;0;0;2;8906;7972;933
"GM0299";"Zevenaar";31905;15695;16210;16;10;25;31;18;598;13955;30;35;35;2,3;10;4;0;0;1;2;2;5802;5337;465
"GM0301";"Zutphen";46870;22790;24080;19;11;26;29;15;1145;20775;35;30;35;2,2;9;7;1;0;1;3;2;4284;4093;191
"GM0302";"Nunspeet";26730;13175;13550;20;13;24;26;16;208;10000;26;31;42;2,6;3;2;0;0;0;0;2;12949;12875;74
"GM0303";"Dronten";39785;20185;19605;20;14;26;27;13;119;16650;31;31;38;2,4;7;8;1;0;1;1;4;42386;33386;9000
"GM0304";"Neerijnen";11880;6020;5860;21;12;26;28;14;180;4490;22;33;44;2,6;4;2;1;0;0;0;1;7296;6599;697
"GM0305";"Abcoude";8765;4295;4470;22;10;22;30;16;288;3550;28;30;42;2,5;11;5;0;0;1;0;3;3211;3038;172
"GM0307";"Amersfoort";144860;71085;73775;21;11;31;25;12;2308;62530;36;27;38;2,3;9;14;3;1;1;4;5;6378;6277;101
"GM0308";"Baarn";24315;11660;12660;17;10;24;30;19;747;10695;37;30;33;2,2;9;7;1;1;0;2;3;3303;3256;47
"GM0310";"De Bilt";42015;19935;22080;18;10;21;30;21;634;18850;37;30;33;2,2;10;6;2;0;1;0;3;6710;6632;78
"GM0311";"Breukelen";14615;7225;7390;20;11;24;28;17;329;6200;33;29;38;2,3;8;4;1;0;1;0;2;4865;4444;420
"GM0312";"Bunnik";14460;7130;7330;19;11;21;30;19;391;6030;29;33;38;2,4;8;4;1;1;1;0;2;3757;3695;62
"GM0313";"Bunschoten";20000;10030;9970;21;14;28;25;12;656;7235;22;30;48;2,7;4;4;0;0;0;2;2;3488;3050;438
"GM0317";"Eemnes";8835;4380;4460;20;11;25;31;13;285;3555;27;28;45;2,5;8;4;0;0;0;0;3;3367;3102;265
"GM0321";"Houten";47620;23515;24105;22;13;27;29;9;859;18285;25;27;48;2,6;7;6;1;1;2;0;3;5898;5541;356
"GM0327";"Leusden";28810;14170;14640;19;11;24;31;15;491;12080;29;32;38;2,4;8;5;0;0;1;0;3;5894;5867;27
"GM0329";"Loenen";8505;4165;4340;20;9;22;31;18;340;3555;29;33;38;2,4;9;4;0;0;1;1;2;2732;2499;232
"GM0331";"Lopik";14175;7205;6965;22;12;26;27;12;187;5305;25;30;45;2,7;3;3;1;0;0;0;1;7892;7571;320
"GM0333";"Maarssen";39665;19365;20295;17;12;26;32;13;1453;16770;29;31;40;2,3;9;9;2;1;3;1;3;3096;2729;366
"GM0335";"Montfoort";13495;6750;6740;21;12;26;28;13;358;5265;26;32;43;2,6;5;4;1;0;0;0;2;3822;3770;52
"GM0339";"Renswoude";4600;2285;2315;23;14;27;25;11;250;1655;23;29;47;2,8;3;1;0;0;0;0;1;1852;1843;9
"GM0340";"Rhenen";18860;9330;9530;20;11;25;27;17;449;7550;27;34;38;2,5;5;4;2;0;0;0;2;4374;4204;169
"GM0342";"Soest";45680;22210;23470;18;11;24;30;18;987;19990;34;32;35;2,3;9;10;1;1;1;5;3;4645;4626;19
"GM0344";"Utrecht";307080;148550;158530;17;17;37;19;10;3245;161025;53;22;25;1,9;10;21;9;1;2;4;5;9921;9465;457
"GM0345";"Veenendaal";62055;30490;31565;21;13;27;26;14;3166;25040;29;31;40;2,4;6;10;5;1;0;1;3;1981;1960;21
"GM0351";"Woudenberg";11905;5970;5935;21;12;25;26;15;327;4555;26;33;41;2,6;4;4;0;0;0;0;3;3672;3645;27
"GM0352";"Wijk bij Duurstede";23155;11460;11700;19;12;24;32;12;486;9255;25;32;43;2,5;6;4;1;0;1;0;2;5030;4761;269
"GM0353";"IJsselstein";34225;16700;17525;21;11;30;26;11;1622;13970;29;29;42;2,4;7;12;4;1;3;1;3;2162;2111;51
"GM0355";"Zeist";60285;29030;31260;18;12;24;28;18;1243;27435;41;28;31;2,1;10;12;6;1;2;1;3;4864;4850;14
"GM0356";"Nieuwegein";60895;30205;30695;17;12;28;31;13;2573;27035;33;30;36;2,2;10;13;3;1;4;1;4;2568;2367;201
"GM0358";"Aalsmeer";29185;14480;14705;20;10;28;27;15;1425;11950;28;31;41;2,4;9;6;1;0;1;0;3;3224;2049;1175
"GM0361";"Alkmaar";93860;46225;47635;16;12;29;28;14;3206;44175;40;28;32;2,1;10;12;2;1;2;3;5;3122;2928;195
"GM0362";"Amstelveen";80695;38435;42260;17;12;26;27;19;1946;39120;44;25;31;2;18;16;1;1;3;1;10;4405;4146;259
"GM0363";"Amsterdam";767455;378195;389265;16;13;36;25;11;4625;422075;55;20;25;1,8;15;35;9;2;9;5;10;21944;16592;5352
"GM0364";"Andijk";6505;3370;3135;19;11;24;33;14;308;2650;27;34;39;2,4;6;3;0;0;1;0;2;4769;2115;2655
"GM0365";"Graft-De Rijp";6490;3255;3235;19;11;23;31;17;324;2650;27;35;39;2,4;5;2;0;0;0;0;1;2175;2002;173
"GM0366";"Anna Paulowna";14235;7220;7010;19;12;25;30;13;191;5760;26;34;40;2,5;5;3;0;1;0;0;2;7881;7460;421
"GM0370";"Beemster";8585;4295;4290;18;11;22;31;17;122;3495;28;34;38;2,4;6;3;0;0;0;0;2;7208;7059;149
"GM0373";"Bergen (NH.)";30985;15020;15965;15;10;19;33;23;319;13780;34;34;32;2,2;9;3;0;0;0;0;2;11983;9712;2271
"GM0375";"Beverwijk";38885;19210;19675;17;12;28;27;16;2093;17850;38;29;34;2,2;10;12;1;0;1;5;5;2038;1858;181
"GM0376";"Blaricum";8955;4325;4630;17;9;18;36;21;805;3935;30;36;34;2,2;11;5;1;0;1;0;3;1558;1112;445
"GM0377";"Bloemendaal";22025;10405;11615;19;9;17;32;23;555;9205;32;33;35;2,3;13;4;0;0;0;0;3;4508;3968;540
"GM0381";"Bussum";32110;15220;16890;19;10;25;27;19;3992;14670;41;27;32;2,1;12;7;2;0;1;1;3;811;804;6
"GM0383";"Castricum";34650;16935;17720;18;12;21;30;19;698;14620;31;33;36;2,3;7;3;0;0;0;0;2;5992;4966;1026
"GM0384";"Diemen";24685;11945;12740;16;15;26;29;14;2061;11975;43;25;32;2;13;25;3;2;8;3;10;1403;1198;206
"GM0385";"Edam-Volendam";28505;14300;14205;20;11;27;28;14;1750;11230;26;30;44;2,5;4;4;1;0;0;0;2;2478;1629;849
"GM0388";"Enkhuizen";18155;9080;9075;17;12;27;29;15;1464;8090;34;31;34;2,2;7;7;1;0;1;2;3;11604;1240;10365
"GM0392";"Haarlem";149580;72745;76835;17;11;30;27;15;5116;73175;45;26;29;2;11;14;3;1;1;4;4;3209;2924;285
"GM0393";"Haarlemmerliede en Spaarnwoude";5400;2665;2730;18;13;21;32;15;281;2240;28;31;41;2,4;7;5;0;0;1;0;3;2108;1923;186
"GM0394";"Haarlemmermeer";142790;71000;71790;20;11;29;28;12;799;58415;28;29;43;2,4;10;12;2;1;3;1;5;18528;17867;661
"GM0395";"Harenkarspel";16085;8250;7835;20;11;25;30;13;298;6450;28;32;40;2,5;5;2;0;0;0;0;1;5483;5394;89
"GM0396";"Heemskerk";38850;19040;19805;17;12;24;29;18;1420;16750;32;32;36;2,3;9;8;1;0;1;3;4;3173;2735;438
"GM0397";"Heemstede";26060;12210;13845;18;9;19;30;23;2831;11275;35;30;35;2,2;12;5;0;0;1;0;3;964;920;44
"GM0398";"Heerhugowaard";51180;25795;25380;20;12;30;27;12;1334;20625;27;31;41;2,4;8;10;1;1;2;2;4;3997;3836;161
"GM0399";"Heiloo";22450;11110;11345;18;10;21;30;21;1201;9555;30;35;35;2,3;8;4;0;0;0;0;2;1899;1870;29
"GM0400";"Den Helder";57405;28510;28895;16;12;26;30;16;1268;26690;37;30;32;2,1;10;9;0;2;1;0;4;17883;4526;13357
"GM0402";"Hilversum";84575;41115;43460;17;11;28;27;18;1850;39990;42;28;31;2,1;12;11;3;1;1;3;4;4645;4572;73
"GM0405";"Hoorn";70250;34585;35670;18;12;28;28;13;3473;31070;34;29;37;2,2;8;13;2;1;3;2;5;5326;2023;3303
"GM0406";"Huizen";41935;20335;21595;18;12;23;32;16;2659;18035;33;29;38;2,3;10;9;3;0;1;2;3;2328;1577;751
"GM0412";"Niedorp";12135;6160;5975;20;11;25;31;13;197;4820;24;34;41;2,5;5;2;0;0;0;0;1;6299;6158;141
"GM0415";"Landsmeer";10235;4915;5320;17;12;21;33;18;454;4320;27;32;40;2,3;8;5;0;0;1;0;3;2649;2255;394
"GM0416";"Langedijk";26955;13435;13520;20;12;25;30;13;1121;10685;25;33;42;2,5;6;4;1;0;0;0;2;2699;2406;294
"GM0417";"Laren";11325;5370;5955;16;8;19;30;26;923;5165;39;32;29;2,1;13;8;0;0;0;0;6;1239;1226;12
"GM0420";"Medemblik";27385;13860;13525;19;11;25;30;14;354;11170;27;34;39;2,4;6;4;0;0;0;1;1;17900;7732;10168
"GM0424";"Muiden";6500;3170;3330;19;9;21;33;18;450;2780;30;32;38;2,3;11;5;1;0;1;0;3;3651;1446;2205
"GM0425";"Naarden";17150;8190;8965;21;8;22;29;20;802;7275;34;29;37;2,3;12;6;2;0;1;0;3;3289;2139;1149
"GM0431";"Oostzaan";9150;4450;4695;19;11;25;30;16;793;3765;25;34;41;2,4;6;5;0;0;1;1;2;1613;1153;460
"GM0432";"Opmeer";11385;5750;5635;20;12;24;29;15;274;4485;26;33;41;2,5;4;2;0;0;0;0;1;4198;4160;38
"GM0437";"Ouder-Amstel";13100;6375;6725;19;11;23;31;17;542;5690;35;28;37;2,3;11;10;1;1;3;0;5;2581;2416;165
"GM0439";"Purmerend";79040;38665;40375;17;12;27;29;15;3371;34115;32;29;40;2,3;9;15;1;1;5;1;6;2456;2344;112
"GM0441";"Schagen";18735;9120;9615;17;10;25;29;19;995;8255;32;34;34;2,2;7;5;0;0;1;0;3;1935;1883;52
"GM0448";"Texel";13780;6830;6945;17;10;23;33;17;86;6060;33;34;33;2,2;7;3;0;0;0;0;2;46328;16113;30216
"GM0450";"Uitgeest";12665;6365;6300;20;11;27;28;13;660;5115;27;32;41;2,5;7;4;0;0;1;0;3;2231;1919;312
"GM0451";"Uithoorn";28055;13820;14230;19;11;26;28;16;1534;12130;32;30;38;2,3;10;9;2;0;1;0;4;1949;1829;120
"GM0453";"Velsen";67280;33305;33975;18;12;25;29;17;1507;29630;34;30;36;2,2;9;7;1;0;1;2;3;6305;4464;1841
"GM0457";"Weesp";17635;8560;9075;16;11;27;30;17;859;8320;40;29;31;2,1;11;13;5;1;2;2;4;2186;2053;133
"GM0458";"Schermer";5360;2750;2610;20;12;24;31;13;87;2090;24;34;42;2,6;5;2;0;0;0;0;1;6444;6142;302
"GM0459";"Wervershoof";8780;4460;4320;19;13;25;29;14;375;3440;27;32;42;2,5;4;2;0;0;0;0;2;3108;2340;768
"GM0462";"Wieringen";8645;4360;4285;17;10;25;29;19;322;3750;30;35;35;2,3;5;2;0;0;0;0;2;21250;2688;18562
"GM0463";"Wieringermeer";12580;6350;6230;19;11;26;28;16;65;5270;28;35;37;2,4;6;3;0;0;0;0;2;30776;19493;11283
"GM0473";"Zandvoort";16630;7965;8665;14;9;24;31;21;518;8190;42;29;29;2;13;6;1;0;1;0;4;4434;3211;1224
"GM0476";"Zijpe";11585;5830;5760;18;11;23;32;16;122;4790;27;36;37;2,4;7;2;0;0;0;0;1;11335;9509;1825
"GM0478";"Zeevang";6305;3155;3155;19;11;22;33;15;166;2515;23;37;40;2,5;7;3;0;0;0;0;2;5523;3809;1715
"GM0479";"Zaanstad";145330;71695;73635;18;11;28;27;15;1968;64325;34;29;37;2,2;9;17;2;1;3;8;4;8304;7387;918
"GM0482";"Alblasserdam";19015;9290;9725;21;12;26;24;17;2164;7625;28;31;41;2,5;7;6;1;0;0;3;2;996;879;117
"GM0484";"Alphen aan den Rijn";72535;35765;36765;18;12;29;28;13;1317;31010;32;31;37;2,3;9;11;3;1;2;1;4;5768;5506;261
"GM0489";"Barendrecht";46450;22955;23490;22;11;29;27;12;2346;18365;24;31;45;2,5;7;12;1;1;4;2;3;2172;1980;192
"GM0491";"Bergambacht";9730;4805;4925;21;12;23;28;16;277;3830;25;36;39;2,5;4;3;1;0;0;0;1;3805;3511;294
"GM0497";"Bodegraven";19445;9760;9690;20;13;26;27;14;519;7635;27;31;42;2,5;6;6;3;0;0;0;2;3850;3749;101
"GM0498";"Drechterland";19290;9785;9505;19;12;24;31;14;326;7610;25;35;40;2,5;5;2;0;0;0;0;1;8072;5910;2162
"GM0499";"Boskoop";15090;7545;7545;20;12;26;28;15;1016;6105;28;33;39;2,4;6;8;5;0;0;0;2;1696;1486;210
"GM0501";"Brielle";15760;7865;7895;17;10;25;32;16;572;6825;29;34;37;2,3;9;4;0;0;1;0;2;3112;2753;358
"GM0502";"Capelle aan den IJssel";65345;31560;33785;17;12;26;30;15;4583;29360;35;28;36;2,2;11;20;1;3;7;1;7;1542;1426;116
"GM0503";"Delft";96760;50850;45910;13;18;30;25;13;4238;52440;53;24;23;1,8;13;18;1;2;2;3;10;2408;2283;125
"GM0504";"Dirksland";8440;4195;4245;20;12;26;27;15;152;3355;28;33;39;2,5;3;2;0;0;0;0;1;7415;5550;1864
"GM0505";"Dordrecht";118480;58315;60165;17;12;28;27;15;1497;54290;38;28;34;2,2;10;17;2;3;2;5;5;9945;7914;2031
"GM0511";"Goedereede";11420;5665;5755;19;11;25;28;18;161;4450;24;35;41;2,5;3;1;0;0;0;0;1;15385;7114;8271
"GM0512";"Gorinchem";34665;17010;17655;18;11;29;26;15;1832;15265;36;29;35;2,2;9;14;5;1;1;5;3;2199;1892;307
"GM0513";"Gouda";71120;34760;36360;19;12;27;27;15;4218;31025;36;29;35;2,2;8;15;9;1;1;1;3;1810;1686;124
"GM0518";"'s-Gravenhage";488555;240695;247855;17;12;32;25;13;5967;243000;48;22;30;2;14;34;5;2;10;7;9;9818;8188;1630
"GM0523";"Hardinxveld-Giessendam";17495;8690;8810;21;14;25;25;15;1034;6585;25;32;43;2,6;3;2;0;0;0;0;1;1935;1692;244
"GM0530";"Hellevoetsluis";39755;19750;20005;17;12;27;31;13;1260;17110;29;33;38;2,3;9;8;0;2;1;2;3;4614;3154;1460
"GM0531";"Hendrik-Ido-Ambacht";26895;13195;13705;21;12;27;26;14;2518;10520;24;33;43;2,5;6;6;1;1;1;1;2;1199;1068;131
"GM0532";"Stede Broec";21275;10755;10515;19;12;25;29;14;1447;8585;25;34;40;2,4;6;4;0;0;1;0;2;1642;1470;172
"GM0534";"Hillegom";20485;10115;10370;17;12;25;29;17;1587;8820;31;32;36;2,3;9;5;1;0;0;0;3;1348;1291;57
"GM0537";"Katwijk";61830;30780;31050;20;14;27;26;14;2517;24190;29;28;43;2,5;5;5;1;0;0;0;3;3106;2456;649
"GM0542";"Krimpen aan den IJssel";28810;14040;14770;18;12;23;28;19;3693;11760;27;34;38;2,4;7;5;0;0;1;0;2;893;780;113
"GM0545";"Leerdam";20745;10165;10580;19;12;26;27;16;614;8355;30;30;40;2,4;8;13;1;0;0;9;2;3432;3378;54
"GM0546";"Leiden";117125;57075;60050;15;16;32;25;12;5358;61525;52;23;25;1,9;13;15;4;1;2;2;6;2316;2186;130
"GM0547";"Leiderdorp";26425;12785;13640;18;11;24;30;17;2264;11465;32;31;37;2,3;10;10;1;1;2;2;4;1229;1167;62
"GM0553";"Lisse";22335;10990;11345;18;11;25;29;17;1422;9590;32;32;36;2,3;8;4;0;0;0;0;2;1611;1571;40
"GM0556";"Maassluis";31590;15515;16075;17;11;26;29;17;3727;13895;32;33;35;2,2;7;17;4;1;2;6;3;1011;848;163
"GM0559";"Middelharnis";17950;8805;9145;18;12;25;28;17;295;7315;28;34;37;2,4;4;2;0;0;0;0;1;8679;6091;2587
"GM0568";"Bernisse";12455;6265;6190;16;11;24;32;17;217;5140;24;37;39;2,4;6;2;0;0;0;0;2;6859;5735;1124
"GM0569";"Nieuwkoop";26930;13640;13290;18;12;24;31;14;339;10305;24;33;43;2,6;5;3;1;0;0;0;1;9118;7945;1173
"GM0571";"Nieuw-Lekkerland";9530;4865;4665;24;15;24;25;12;916;3350;22;31;47;2,8;4;2;0;0;0;0;1;1277;1040;237
"GM0575";"Noordwijk";25405;12760;12650;16;11;25;31;16;716;11120;36;30;34;2,2;11;4;1;0;0;0;2;5153;3547;1606
"GM0576";"Noordwijkerhout";15555;7850;7705;17;12;24;30;16;689;6515;32;31;37;2,4;9;3;0;0;0;0;2;2340;2259;81
"GM0579";"Oegstgeest";22595;10885;11715;19;13;23;29;17;3148;9755;35;29;36;2,3;14;7;0;1;1;0;5;775;718;57
"GM0580";"Oostflakkee";10365;5210;5155;17;11;26;31;16;139;4350;27;37;36;2,4;4;2;0;0;0;0;1;10744;7468;3276
"GM0584";"Oud-Beijerland";23555;11555;12000;19;12;25;29;15;1257;9405;26;32;42;2,5;6;3;0;0;1;0;2;1961;1874;87
"GM0585";"Binnenmaas";28925;14350;14575;17;11;25;31;17;418;12245;27;36;37;2,4;5;3;0;0;1;0;2;7559;6924;635
"GM0588";"Korendijk";10890;5445;5445;19;12;24;29;15;140;4320;24;37;39;2,5;4;2;0;0;0;0;1;10048;7789;2259
"GM0589";"Oudewater";9845;4855;4985;19;12;25;28;16;251;3905;29;30;41;2,5;4;3;1;0;0;0;2;4016;3915;101
"GM0590";"Papendrecht";31855;15610;16240;18;11;26;28;17;3366;13495;28;34;38;2,3;8;7;1;1;2;1;3;1077;946;131
"GM0595";"Reeuwijk";13060;6535;6525;19;12;23;30;16;342;5185;25;35;40;2,5;5;3;1;0;0;0;2;5011;3824;1187
"GM0597";"Ridderkerk";44745;21725;23020;15;12;23;30;20;1886;19915;32;35;33;2,2;8;7;1;1;1;1;3;2510;2372;138
"GM0599";"Rotterdam";593050;291630;301420;16;14;31;24;14;2903;300185;48;23;29;2;11;37;7;4;9;8;10;31930;20432;11498
"GM0600";"Rozenburg";12495;6235;6255;16;11;27;29;17;2763;5555;31;33;35;2,2;10;8;0;1;1;2;3;650;452;198
"GM0603";"Rijswijk";46670;22015;24660;13;10;26;29;22;3319;23895;44;30;26;1,9;15;14;2;1;4;1;6;1450;1406;44
"GM0606";"Schiedam";75565;37120;38445;17;12;29;27;15;4191;35470;40;27;33;2,1;9;25;3;2;3;10;7;1989;1803;186
"GM0608";"Schoonhoven";11985;5895;6090;18;12;26;28;16;1910;5220;34;32;35;2,3;6;9;6;0;0;0;2;696;627;69
"GM0610";"Sliedrecht";24050;11785;12265;18;12;26;26;17;1878;10040;33;32;36;2,3;5;7;1;1;0;2;3;1400;1281;120
"GM0611";"Cromstrijen";12820;6375;6445;17;10;24;32;16;236;5365;25;36;38;2,4;5;2;0;0;0;0;1;7031;5436;1595
"GM0612";"Spijkenisse";72345;35500;36845;16;13;26;31;13;2777;31735;31;31;38;2,2;9;14;1;3;4;1;5;3023;2605;418
"GM0613";"Albrandswaard";24190;12050;12140;19;10;28;29;13;1109;9465;23;33;44;2,5;8;10;1;1;4;1;3;2375;2180;194
"GM0614";"Westvoorne";14055;7000;7060;16;10;21;33;20;264;6085;29;36;35;2,3;7;3;0;1;0;0;2;9752;5330;4422
"GM0617";"Strijen";8915;4460;4455;17;11;25;32;15;174;3720;26;34;40;2,4;5;2;0;0;0;0;1;5772;5113;659
"GM0620";"Vianen";19645;9670;9975;19;12;26;29;15;498;7950;26;33;41;2,4;6;8;3;0;2;1;2;4237;3943;293
"GM0622";"Vlaardingen";70535;34400;36135;16;12;26;28;19;2981;33245;39;30;32;2,1;8;17;2;2;2;6;5;2671;2366;305
"GM0623";"Vlist";9755;4880;4875;19;13;23;29;16;181;3830;27;34;40;2,5;4;2;0;0;0;0;2;5652;5390;263
"GM0626";"Voorschoten";23460;11245;12215;18;10;22;30;19;2100;10015;31;32;37;2,3;13;7;1;1;1;1;4;1159;1117;42
"GM0627";"Waddinxveen";25400;12615;12785;18;13;24;29;16;911;10385;28;33;39;2,4;6;7;2;0;1;1;2;2939;2789;149
"GM0629";"Wassenaar";25815;12320;13495;18;10;19;31;23;507;11435;35;31;34;2,2;21;8;0;1;1;0;6;6250;5096;1154
"GM0632";"Woerden";49335;24380;24950;20;12;27;28;14;552;19975;29;31;40;2,4;6;6;2;0;1;0;2;9289;8943;346
"GM0637";"Zoetermeer";121530;59545;61990;18;13;26;30;13;3517;52695;32;29;39;2,3;11;17;2;2;7;1;6;3706;3456;250
"GM0638";"Zoeterwoude";8120;4030;4085;17;13;23;32;16;383;3080;25;33;42;2,5;6;4;0;0;1;1;2;2191;2121;70
"GM0642";"Zwijndrecht";44405;21615;22785;16;12;25;28;19;2180;19735;33;33;35;2,2;7;11;2;1;1;3;4;2277;2037;240
"GM0643";"Nederlek";14085;6935;7150;17;12;24;30;17;505;5905;28;34;38;2,4;5;2;0;0;0;0;1;3144;2787;357
"GM0644";"Ouderkerk";8150;4065;4085;20;13;24;27;16;302;3125;25;33;43;2,6;3;3;0;0;0;0;2;2853;2703;151
"GM0653";"Gaasterl‘n-Sleat";10305;5220;5085;18;11;22;28;20;108;4265;29;35;36;2,4;4;1;0;0;0;0;1;20929;9526;11403
"GM0654";"Borsele";22620;11465;11155;20;12;24;29;16;160;9160;27;34;38;2,4;5;2;0;0;0;0;1;19442;14180;5262
"GM0664";"Goes";36605;17815;18790;16;11;25;29;19;395;16410;36;32;32;2,2;7;6;1;0;1;0;3;10209;9279;930
"GM0668";"West Maas en Waal";18415;9185;9230;18;11;24;31;16;238;7325;24;35;41;2,5;4;1;0;0;0;0;1;8515;7740;776
"GM0677";"Hulst";27860;13875;13985;16;9;24;31;19;138;12230;30;36;34;2,2;21;2;0;0;0;0;1;25109;20141;4968
"GM0678";"Kapelle";12400;6160;6240;20;11;25;28;15;334;4840;24;34;42;2,5;5;2;0;0;0;0;1;4966;3712;1254
"GM0683";"Wymbritseradiel";16140;8300;7840;21;11;24;30;15;117;6470;27;34;40;2,5;3;1;0;0;0;0;1;16274;13805;2469
"GM0687";"Middelburg";47995;23430;24565;17;12;25;28;17;988;22080;38;31;31;2,1;9;8;1;1;1;2;4;5305;4859;446
"GM0689";"Giessenlanden";14450;7350;7100;19;12;25;29;15;227;5575;23;35;42;2,6;4;1;0;0;0;0;1;6512;6357;155
"GM0693";"Graafstroom";9805;5035;4770;23;14;23;26;13;146;3335;21;30;49;2,9;2;1;0;0;0;0;1;6932;6693;240
"GM0694";"Liesveld";9740;4915;4825;21;13;25;27;13;238;3585;24;31;45;2,7;3;2;0;0;0;0;1;4444;4098;346
"GM0703";"Reimerswaal";21475;10740;10735;22;13;26;24;15;211;8255;28;31;41;2,6;6;3;0;0;0;1;2;24308;10193;14115
"GM0707";"Zederik";13395;6625;6770;20;13;24;28;15;182;4915;23;33;44;2,7;3;1;0;0;0;0;1;7649;7371;279
"GM0710";"Wπnseradiel";11830;6055;5775;20;11;24;30;14;75;4860;28;33;38;2,4;4;1;0;0;0;0;1;31768;15850;15918
"GM0715";"Terneuzen";54880;27290;27590;16;10;24;30;20;219;24635;33;35;32;2,2;16;6;0;1;0;2;2;31778;25115;6663
"GM0716";"Tholen";25410;12760;12650;21;12;25;26;15;173;9990;27;33;40;2,5;4;3;1;0;0;0;1;25441;14726;10715
"GM0717";"Veere";21915;11000;10915;17;10;21;31;20;165;9060;28;38;35;2,4;6;2;0;0;0;0;1;20709;13305;7404
"GM0718";"Vlissingen";44645;22320;22325;15;12;26;29;19;1307;21615;40;31;28;2;13;10;2;2;2;1;4;34498;3415;31083
"GM0733";"Lingewaal";10900;5455;5445;19;12;25;30;14;216;4180;21;35;44;2,6;4;3;1;0;0;0;1;5459;5044;415
"GM0736";"De Ronde Venen";34400;17140;17260;18;12;25;30;15;487;14060;28;32;41;2,4;7;5;2;0;1;1;2;8480;7060;1420
"GM0737";"Tytsjerksteradiel";32235;16115;16125;19;11;24;29;18;216;13375;29;34;37;2,4;3;3;0;0;0;0;2;16142;14948;1194
"GM0738";"Aalburg";12615;6310;6300;21;13;27;25;13;250;4540;21;32;47;2,8;3;1;0;0;0;0;1;5313;5040;273
"GM0743";"Asten";16335;8370;7965;19;12;24;30;16;233;6520;26;34;40;2,5;4;3;1;0;0;0;2;7138;7025;113
"GM0744";"Baarle-Nassau";6705;3435;3265;14;11;22;32;21;88;2925;31;36;33;2,2;24;1;0;0;0;0;1;7630;7627;3
"GM0748";"Bergen op Zoom";65845;32515;33330;16;12;26;30;16;822;29125;33;33;34;2,2;9;13;5;0;1;5;3;9313;8009;1304
"GM0753";"Best";28955;14455;14500;20;11;26;29;14;844;11645;25;32;43;2,5;8;6;0;0;1;2;2;3512;3430;82
"GM0755";"Boekel";9770;4970;4805;21;12;24;29;14;283;3525;22;32;46;2,7;4;1;0;0;0;0;1;3452;3451;1
"GM0756";"Boxmeer";28575;14315;14260;18;11;23;32;16;256;11425;26;34;40;2,4;7;3;0;0;0;1;2;11395;11153;242
"GM0757";"Boxtel";30275;15025;15250;18;12;25;30;16;475;12620;30;33;37;2,3;6;7;2;1;1;1;3;6477;6368;109
"GM0758";"Breda";173300;84445;88850;17;13;28;26;16;1368;81640;41;28;30;2,1;11;11;3;1;1;2;4;12915;12663;252
"GM0762";"Deurne";31525;15825;15700;17;13;24;31;16;269;12515;26;34;40;2,5;5;3;1;0;0;0;1;11837;11708;129
"GM0765";"Pekela";13055;6550;6505;17;11;26;29;17;266;5745;31;34;36;2,2;6;4;0;0;0;0;3;5020;4910;110
"GM0766";"Dongen";25060;12435;12625;18;11;25;30;16;855;10265;27;34;39;2,4;6;5;0;0;0;3;1;2972;2932;40
"GM0770";"Eersel";18155;9255;8900;17;12;22;31;18;220;7230;26;35;39;2,5;5;2;0;0;0;0;1;8328;8241;87
"GM0772";"Eindhoven";213810;108495;105315;15;13;31;25;16;2438;107145;46;27;27;2;12;16;3;1;2;5;6;8884;8770;114
"GM0777";"Etten-Leur";41525;20545;20980;18;11;28;29;15;750;17470;28;33;38;2,4;8;8;2;1;1;2;3;5588;5535;53
"GM0779";"Geertruidenberg";21085;10490;10595;17;11;27;30;15;792;8830;26;35;39;2,4;6;3;0;0;1;0;1;2969;2663;306
"GM0784";"Gilze en Rijen";25975;13225;12750;18;12;26;30;15;397;10790;27;34;38;2,4;7;8;0;0;0;3;3;6567;6549;17
"GM0785";"Goirle";22760;11285;11475;17;11;24;32;16;542;9360;25;36;39;2,4;7;3;0;0;0;1;1;4224;4198;26
"GM0786";"Grave";12915;6640;6275;18;12;26;30;14;475;5545;32;31;36;2,3;8;7;0;0;0;0;6;2804;2721;83
"GM0788";"Haaren";13625;6970;6655;18;12;22;32;16;236;5115;24;34;42;2,6;4;2;0;0;0;0;1;5853;5767;85
"GM0794";"Helmond";88290;44255;44040;19;11;30;27;13;1663;38205;32;30;38;2,3;11;12;4;1;1;3;3;5456;5311;146
"GM0796";"'s-Hertogenbosch";139605;68630;70980;17;12;30;27;14;1659;64955;39;29;32;2,1;9;10;3;1;1;2;3;9126;8414;712
"GM0797";"Heusden";42995;21580;21415;18;12;25;30;15;545;17305;25;34;41;2,5;6;6;1;0;0;3;2;8118;7886;232
"GM0798";"Hilvarenbeek";14980;7575;7405;19;11;24;31;16;158;5880;24;35;41;2,5;5;1;0;0;0;0;1;9648;9492;156
"GM0808";"Lith";6650;3385;3265;19;12;25;31;13;131;2450;19;35;47;2,7;4;1;0;0;0;0;1;5551;5065;486
"GM0809";"Loon op Zand";23015;11380;11635;17;12;24;30;17;459;9260;25;35;40;2,4;6;3;0;0;0;1;1;5072;5017;55
"GM0815";"Mill en Sint Hubert";11030;5625;5405;18;11;24;31;16;211;4330;23;36;41;2,5;4;1;0;0;0;0;1;5308;5219;89
"GM0820";"Nuenen, Gerwen en Nederwetten";22215;11080;11135;17;11;20;34;18;656;9235;25;37;38;2,4;9;2;0;0;0;0;2;3411;3388;22
"GM0823";"Oirschot";17750;9040;8710;18;12;23;31;16;174;6955;25;33;41;2,5;4;2;0;0;0;0;1;10285;10181;104
"GM0824";"Oisterwijk";25825;12735;13090;17;12;23;30;19;404;10805;30;33;37;2,4;6;4;1;0;0;0;3;6511;6391;120
"GM0826";"Oosterhout";54135;26620;27515;17;11;25;30;17;757;23285;30;34;36;2,3;8;9;2;1;1;3;3;7309;7150;160
"GM0828";"Oss";77390;38630;38760;18;12;27;28;15;760;32810;31;31;38;2,3;8;9;0;0;1;5;2;10442;10188;255
"GM0840";"Rucphen";22485;11265;11220;14;11;24;34;17;349;9280;23;37;40;2,4;5;2;0;0;0;0;1;6449;6442;6
"GM0844";"Schijndel";22990;11475;11515;18;12;25;31;15;554;9160;25;34;42;2,5;5;3;0;0;0;0;2;4165;4154;12
"GM0845";"Sint-Michielsgestel";28140;14105;14035;19;11;23;30;17;477;11035;24;34;41;2,5;5;2;0;0;0;0;1;5989;5896;94
"GM0846";"Sint-Oedenrode";17680;8810;8870;18;12;24;30;16;275;7165;26;36;38;2,4;5;2;0;0;0;0;2;6495;6441;54
"GM0847";"Someren";18230;9255;8975;18;13;23;30;16;227;7105;25;32;42;2,5;4;2;0;0;0;0;1;8143;8024;119
"GM0848";"Son en Breugel";15545;7655;7890;20;10;24;27;20;599;6295;25;35;39;2,4;8;3;0;0;0;0;2;2649;2593;56
"GM0851";"Steenbergen";23225;11680;11545;17;11;25;31;17;158;9715;26;37;37;2,4;6;3;0;0;1;0;2;15879;14663;1215
"GM0852";"Waterland";17055;8530;8530;17;11;21;32;18;327;7130;28;33;39;2,4;7;3;0;0;1;0;2;11564;5211;6353
"GM0855";"Tilburg";204855;101695;103160;16;15;29;25;14;1746;98710;43;27;30;2;9;14;3;2;2;4;4;11915;11732;183
"GM0856";"Uden";40535;20185;20350;18;11;27;29;16;604;16930;30;33;38;2,4;8;7;1;0;1;3;2;6759;6711;48
"GM0858";"Valkenswaard";30725;15175;15550;15;11;24;31;19;559;13655;32;35;33;2,2;10;3;0;0;0;0;2;5644;5501;144
"GM0860";"Veghel";37305;18720;18580;19;12;26;28;15;477;14860;27;32;41;2,5;7;9;2;0;1;4;2;7892;7815;77
"GM0861";"Veldhoven";43245;21550;21695;17;11;25;30;17;1363;18320;29;35;37;2,3;9;4;0;0;1;0;3;3192;3172;19
"GM0865";"Vught";25400;12595;12805;18;11;24;30;17;758;10750;34;30;37;2,3;9;4;0;0;0;0;3;3446;3350;96
"GM0866";"Waalre";16535;8155;8380;19;10;22;29;20;737;6935;28;35;37;2,4;10;4;0;0;1;0;3;2271;2244;27
"GM0867";"Waalwijk";45750;22750;23000;17;11;26;29;16;707;19465;29;34;37;2,3;7;7;0;0;1;4;2;6772;6471;301
"GM0870";"Werkendam";26370;13210;13160;19;12;25;28;15;252;10115;23;33;44;2,6;3;2;0;0;0;0;1;12173;10472;1701
"GM0873";"Woensdrecht";21635;10865;10770;16;10;25;31;18;236;9070;24;39;37;2,4;16;2;0;0;0;0;1;9199;9168;31
"GM0874";"Woudrichem";14430;7235;7195;19;12;26;29;15;292;5540;23;33;44;2,6;4;1;0;0;0;0;1;5165;4941;224
"GM0879";"Zundert";21025;10710;10315;16;12;24;31;17;175;8770;28;36;36;2,4;12;2;1;0;0;0;1;12075;12036;39
"GM0880";"Wormerland";15860;7925;7935;18;11;24;29;18;409;6570;28;33;40;2,4;6;5;0;0;1;1;2;4514;3874;640
"GM0881";"Onderbanken";8110;4025;4080;15;11;23;33;18;383;3440;26;35;39;2,3;19;2;1;0;0;0;1;2124;2118;6
"GM0882";"Landgraaf";38455;18920;19540;14;11;23;34;18;1563;17335;31;35;34;2,2;21;3;0;0;0;0;2;2469;2460;8
"GM0888";"Beek";16580;8065;8515;15;11;22;33;19;790;7270;29;35;36;2,3;10;3;1;0;0;0;2;2100;2100;0
"GM0889";"Beesel";13900;6995;6905;17;11;25;31;16;493;5810;26;35;40;2,4;11;5;3;0;0;1;1;2921;2822;99
"GM0893";"Bergen (L.)";13390;6700;6690;17;11;23;32;16;129;5450;25;35;40;2,4;14;2;0;0;0;0;1;10842;10390;452
"GM0899";"Brunssum";29450;14330;15120;14;11;24;31;19;1716;13640;35;32;33;2,1;20;4;1;0;0;0;2;1729;1716;13
"GM0905";"Eijsden";11440;5710;5730;17;11;21;33;18;579;4615;23;36;41;2,5;11;2;0;0;0;0;1;2076;1976;100
"GM0907";"Gennep";17155;8755;8400;17;10;25;32;16;359;6915;28;35;37;2,4;10;4;1;0;0;0;2;5040;4781;259
"GM0917";"Heerlen";89235;44060;45180;14;12;25;30;19;1982;44585;43;29;29;2;20;8;3;1;0;1;3;4550;4502;47
"GM0928";"Kerkrade";47685;23725;23960;12;11;24;33;20;2174;22805;36;33;31;2;28;4;1;1;0;1;2;2217;2193;24
"GM0935";"Maastricht";118535;56955;61575;12;17;25;28;18;2086;62235;48;27;24;1,9;16;8;1;0;0;1;4;6006;5682;324
"GM0936";"Margraten";13405;6765;6640;16;12;20;33;19;232;5425;24;38;38;2,4;10;2;0;0;0;0;1;5770;5770;-99999998
"GM0938";"Meerssen";19565;9615;9950;16;10;22;33;20;721;8325;27;37;36;2,3;9;2;0;0;0;0;2;2771;2715;55
"GM0944";"Mook en Middelaar";8050;4020;4030;18;10;21;33;19;463;3405;28;36;37;2,4;10;3;0;0;0;0;2;1884;1739;145
"GM0946";"Nederweert";16605;8415;8195;17;11;24;31;17;166;6690;23;37;40;2,5;6;1;0;0;0;0;1;10179;10027;152
"GM0951";"Nuth";15665;7700;7965;14;10;22;33;21;473;6715;27;38;35;2,3;11;2;0;0;0;0;1;3317;3315;3
"GM0957";"Roermond";55210;27185;28025;16;11;27;30;17;906;25545;37;31;32;2,1;14;13;4;1;1;4;4;7119;6091;1028
"GM0962";"Schinnen";13495;6795;6700;15;11;22;33;19;560;5805;27;37;36;2,3;13;3;0;0;0;0;3;2413;2408;5
"GM0965";"Simpelveld";10995;5435;5560;14;11;23;32;20;686;4770;28;37;35;2,3;17;1;0;0;0;0;1;1603;1603;-99999998
"GM0971";"Stein";25675;12805;12865;15;10;23;33;19;1211;11155;26;38;36;2,3;11;2;1;0;0;0;1;2278;2120;158
"GM0981";"Vaals";9870;4900;4970;12;9;22;34;22;413;4810;39;33;28;2;45;4;0;0;0;0;3;2390;2389;1
"GM0983";"Venlo";100300;49715;50585;16;11;26;30;17;802;44915;34;32;34;2,2;15;11;3;0;0;4;3;12895;12513;382
"GM0984";"Venray";42720;21515;21205;18;11;25;30;15;261;17320;28;33;38;2,4;9;8;2;0;1;3;3;16504;16346;157
"GM0986";"Voerendaal";12705;6340;6360;15;10;21;34;20;403;5470;26;38;37;2,3;11;2;0;0;0;0;2;3155;3154;1
"GM0988";"Weert";48455;24230;24225;16;11;25;30;18;464;21025;31;33;36;2,3;10;9;4;1;0;1;2;10544;10449;96
"GM0994";"Valkenburg aan de Geul";17090;8430;8660;13;10;22;32;23;466;7685;34;34;32;2,2;11;2;0;0;0;0;1;3691;3671;20
"GM0995";"Lelystad";74630;37270;37360;20;12;29;28;11;322;32215;32;29;39;2,3;9;19;3;2;6;2;5;76539;23172;53367
"GM1507";"Horst aan de Maas";41465;20985;20480;18;12;25;30;16;220;16265;24;35;41;2,5;6;2;0;0;0;0;2;19194;18860;334
"GM1509";"Oude IJsselstreek";39895;19950;19950;18;10;24;30;18;293;16260;27;34;39;2,4;7;6;0;0;0;4;1;13787;13638;148
"GM1525";"Teylingen";35760;17810;17950;20;12;25;28;15;1248;14330;28;30;42;2,4;8;5;1;0;1;0;3;3363;2865;499
"GM1581";"Utrechtse Heuvelrug";48800;23595;25205;18;11;21;29;21;369;20790;33;33;34;2,3;8;5;1;0;0;1;3;13410;13216;194
"GM1586";"Oost Gelre";30025;15265;14760;19;11;24;30;16;274;11955;26;34;40;2,5;5;2;1;0;0;0;1;11019;10975;45
"GM1598";"Koggenland";21970;11075;10890;20;12;25;30;14;273;8665;26;33;41;2,5;5;2;0;0;0;0;1;8415;8061;353
"GM1621";"Lansingerland";52565;26235;26330;23;10;29;26;12;969;19880;21;32;47;2,6;7;7;1;0;2;1;3;5639;5427;212
"GM1640";"Leudal";36740;18570;18170;17;11;23;32;17;226;14960;26;35;39;2,4;8;2;0;0;0;0;2;16486;16277;208
"GM1641";"Maasgouw";24275;12085;12190;15;10;22;33;19;533;10115;27;37;36;2,3;11;2;0;0;0;0;1;5802;4556;1246
"GM1651";"Eemsmond";16425;8350;8075;18;11;24;30;17;86;6915;31;34;36;2,3;4;2;0;0;0;0;1;54336;18994;35342
"GM1652";"Gemert-Bakel";28765;14575;14190;18;12;25;30;14;235;11425;26;33;41;2,5;6;2;0;0;0;0;2;12336;12261;75
"GM1655";"Halderberge";29290;14595;14695;16;11;24;32;17;393;12210;26;36;38;2,4;6;7;3;0;1;1;2;7524;7461;63
"GM1658";"Heeze-Leende";15260;7700;7560;17;11;22;32;19;147;6145;25;36;38;2,4;6;2;0;0;0;0;1;10512;10407;105
"GM1659";"Laarbeek";21580;10910;10670;18;12;24;30;16;390;8555;24;35;41;2,5;5;2;0;0;0;0;1;5617;5537;80
"GM1663";"De Marne";10525;5335;5195;17;11;23;32;18;63;4675;33;34;33;2,2;4;1;0;0;0;0;1;24031;16802;7229
"GM1667";"Reusel-De Mierden";12555;6415;6140;17;14;24;32;14;161;4855;23;34;43;2,6;6;2;0;0;0;0;1;7865;7795;71
"GM1669";"Roerdalen";21305;10650;10655;15;10;23;34;18;242;9040;27;36;37;2,3;14;2;0;0;0;0;2;8865;8811;54
"GM1671";"Maasdonk";11270;5640;5630;19;13;23;30;15;303;4185;22;33;45;2,6;3;2;0;0;0;0;1;3732;3723;9
"GM1672";"Rijnwoude";18545;9375;9175;18;12;24;30;16;327;7370;24;35;41;2,5;5;3;0;0;0;0;2;5785;5664;121
"GM1674";"Roosendaal";77565;38275;39290;17;11;26;29;17;728;33770;32;33;35;2,3;9;12;5;0;1;3;4;10721;10651;70
"GM1676";"Schouwen-Duiveland";34120;16820;17295;16;10;23;30;21;148;14885;30;37;32;2,3;6;2;0;0;0;0;1;48894;23108;25787
"GM1680";"Aa en Hunze";25565;12685;12880;17;9;21;34;19;92;10830;26;39;35;2,3;4;2;0;0;0;0;1;27886;27638;248
"GM1681";"Borger-Odoorn";26070;13035;13035;17;10;22;32;18;95;10895;25;39;37;2,4;4;1;0;0;0;0;1;27792;27533;259
"GM1684";"Cuijk";24435;12235;12200;18;10;27;29;15;476;10220;28;34;38;2,4;10;9;2;0;0;4;2;5700;5134;566
"GM1685";"Landerd";14890;7630;7260;19;11;23;31;15;212;5585;23;33;44;2,6;4;2;0;0;0;0;1;7068;7036;32
"GM1690";"De Wolden";23575;11805;11770;18;10;21;31;19;105;9480;25;37;38;2,4;3;1;0;0;0;0;1;22635;22478;157
"GM1695";"Noord-Beveland";7395;3690;3705;15;9;24;31;21;86;3425;33;38;29;2,1;7;2;0;0;0;0;1;12029;8593;3436
"GM1696";"Wijdemeren";23390;11440;11950;18;10;22;32;19;489;9825;28;34;38;2,4;8;3;0;0;0;0;2;7636;4786;2850
"GM1699";"Noordenveld";30810;15240;15565;17;9;21;31;21;153;13225;28;37;34;2,3;4;2;0;0;0;0;1;20533;20101;432
"GM1700";"Twenterand";33580;16995;16585;20;12;26;27;14;316;12485;22;32;46;2,7;3;1;0;0;0;0;1;10817;10635;182
"GM1701";"Westerveld";19340;9660;9685;16;9;21;31;22;69;8230;29;39;33;2,3;4;2;0;0;0;0;1;28275;27878;396
"GM1702";"Sint Anthonis";11840;6070;5775;19;12;23;30;16;119;4395;23;34;43;2,6;4;2;0;0;0;0;1;9981;9932;49
"GM1705";"Lingewaard";45445;22565;22880;19;10;25;31;14;730;18430;25;34;41;2,4;7;2;0;0;0;0;1;6918;6225;693
"GM1706";"Cranendonck";20345;10260;10085;17;11;24;31;17;265;8460;26;37;37;2,4;12;3;0;0;0;0;2;7814;7682;132
"GM1708";"Steenwijkerland";43210;21595;21615;18;11;24;29;18;149;18230;30;34;37;2,4;4;3;0;0;0;1;1;32169;29030;3138
"GM1709";"Moerdijk";36535;18220;18315;18;11;26;30;16;230;15055;25;36;39;2,4;5;4;0;0;0;1;1;18399;15910;2488
"GM1711";"Echt-Susteren";32280;16230;16050;14;10;24;34;18;313;14000;29;35;36;2,2;14;3;0;0;0;0;2;10460;10309;150
"GM1714";"Sluis";24090;11815;12270;14;9;22;32;23;86;11185;34;37;30;2,1;20;2;0;0;0;0;1;30701;27979;2722
"GM1719";"Drimmelen";26590;13290;13300;17;11;24;32;16;276;10625;23;36;40;2,4;5;2;0;0;0;0;1;11937;9619;2318
"GM1721";"Bernheze";29655;14930;14725;20;12;24;29;15;331;11165;22;33;45;2,6;5;2;0;0;0;0;1;9038;8972;65
"GM1722";"Ferwerderadiel";8840;4535;4305;20;11;25;29;15;90;3595;28;33;39;2,4;4;1;0;0;0;0;1;13318;9768;3550
"GM1723";"Alphen-Chaam";9435;4785;4655;17;11;23;32;17;101;3725;22;37;41;2,5;11;1;0;0;0;0;1;9364;9315;50
"GM1724";"Bergeijk";18060;9150;8910;18;12;23;30;17;179;7170;24;35;40;2,5;7;2;0;0;0;0;1;10179;10105;74
"GM1728";"Bladel";19175;9735;9440;18;11;25;30;16;254;7630;25;35;40;2,5;6;2;0;0;0;0;1;7571;7542;28
"GM1729";"Gulpen-Wittem";14595;7355;7240;14;11;21;35;20;199;6245;27;36;36;2,3;12;1;0;0;0;0;1;7337;7318;19
"GM1730";"Tynaarlo";32410;15915;16495;18;10;21;31;20;226;13525;28;36;37;2,3;5;2;0;0;0;0;1;14766;14350;415
"GM1731";"Midden-Drenthe";33560;16750;16810;18;10;23;31;17;98;13920;27;36;37;2,4;4;2;0;0;0;0;1;34582;34098;483
"GM1734";"Overbetuwe";45575;22635;22945;20;11;26;29;14;417;17935;24;33;43;2,5;7;3;0;0;0;1;2;11518;10933;585
"GM1735";"Hof van Twente";35470;17600;17865;18;10;24;29;20;167;14445;28;34;38;2,4;5;3;0;0;0;1;2;21544;21285;259
"GM1740";"Neder-Betuwe";22555;11235;11320;23;14;25;26;13;372;7890;22;31;47;2,8;4;2;1;0;0;0;1;6811;6066;745
"GM1742";"Rijssen-Holten";37080;18445;18635;22;13;26;24;15;394;13305;23;31;46;2,8;3;4;0;0;0;3;1;9436;9412;24
"GM1771";"Geldrop-Mierlo";38115;18870;19250;17;11;25;30;17;1228;16500;31;33;36;2,3;9;6;1;1;1;1;3;3139;3105;35
"GM1773";"Olst-Wijhe";17540;8865;8675;19;11;24;30;16;154;6965;26;34;40;2,5;4;3;0;0;0;1;1;11838;11415;423
"GM1774";"Dinkelland";26060;13230;12825;20;12;23;28;17;148;9595;23;31;46;2,7;6;1;0;0;0;0;1;17681;17575;106
"GM1783";"Westland";99715;49710;50005;19;13;25;28;15;1254;39295;26;32;42;2,5;5;5;1;0;1;1;2;9059;7952;1106
"GM1842";"Midden-Delfland";17890;9095;8795;20;13;24;29;14;378;6925;25;32;44;2,6;5;3;1;0;0;0;2;4938;4734;203
"GM1859";"Berkelland";44980;22645;22330;18;11;23;30;18;174;18125;26;36;38;2,4;5;2;0;0;0;0;1;26043;25861;182
"GM1876";"Bronckhorst";37750;18715;19035;18;10;21;31;19;133;15110;25;36;39;2,5;4;1;0;0;0;0;1;28641;28355;286
"GM1883";"Sittard-Geleen";95245;46785;48455;15;11;24;31;18;1205;44010;36;32;32;2,1;16;6;2;0;0;1;3;8062;7905;158
"GM1884";"Kaag en Braassem";25640;13000;12645;18;12;24;31;15;404;10200;25;33;42;2,5;5;3;0;0;0;0;2;7228;6345;883
"GM1891";"Dantumadiel";19285;9670;9615;18;13;23;29;17;226;7585;26;32;42;2,5;2;1;0;0;0;0;1;8749;8546;204
"GM1892";"Zuidplas";40410;20085;20325;19;13;25;30;13;681;15705;24;32;44;2,5;7;6;2;0;1;0;2;6236;5938;298
"GM1894";"Peel en Maas";43060;21830;21225;17;12;24;31;15;270;16635;22;36;43;2,6;6;3;1;0;0;1;1;16131;15941;190
"GM1895";"Oldambt";39485;19460;20030;16;10;24;31;19;173;17500;32;34;34;2,2;7;3;0;0;1;0;1;29642;22785;6856
"GM1896";"Zwartewaterland";21935;11080;10855;24;13;26;25;12;265;7990;24;30;46;2,7;3;1;0;0;0;0;1;8791;8273;517
"GM1916";"Leidschendam-Voorburg";72160;34465;37695;16;10;25;29;20;2202;34710;41;29;30;2;14;13;1;1;3;1;7;3568;3276;292
"GM1926";"Pijnacker-Nootdorp";48015;24035;23975;24;11;30;25;11;1286;17975;22;29;49;2,6;8;9;1;1;3;1;3;3860;3734;126
"GM1955";"Montferland";35180;17550;17630;17;11;23;31;18;333;14255;25;35;40;2,4;8;3;0;0;0;1;1;10665;10572;93
"GM1987";"Menterwolde";12505;6335;6170;17;10;25;33;14;156;5265;26;35;39;2,4;4;2;0;0;0;0;1;8162;8034;128
